<?xml version="1.0" encoding="UTF-8"?>
<project-private xmlns="http://www.netbeans.org/ns/project-private/1">
    <editor-bookmarks xmlns="http://www.netbeans.org/ns/editor-bookmarks/2" lastBookmarkId="0"/>
    <open-files xmlns="http://www.netbeans.org/ns/projectui-open-files/2">
        <group>
            <file>file:/D:/Netbean/Web_Qa/web/detail.jsp</file>
            <file>file:/D:/Netbean/Web_Qa/web/ManagerCustomer.jsp</file>
            <file>file:/D:/Netbean/Web_Qa/src/java/controller/CheckOutController.java</file>
            <file>file:/D:/Netbean/Web_Qa/web/components/footerComponent.jsp</file>
            <file>file:/D:/Netbean/Web_Qa/web/js/ManagerProduct.js</file>
            <file>file:/D:/Netbean/Web_Qa/web/checkout.jsp</file>
            <file>file:/D:/Netbean/Web_Qa/web/components/navBarComponent.jsp</file>
            <file>file:/D:/Netbean/Web_Qa/web/css/ManagerProduct.css</file>
            <file>file:/D:/Netbean/Web_Qa/web/css/login.css</file>
            <file>file:/D:/Netbean/Web_Qa/web/thanks.jsp</file>
        </group>
    </open-files>
</project-private>
